<?xml version="1.0" encoding="UTF-8"?>
<results trackingurl="html/resources/TrackingData.zip">
  <arel><![CDATA[html/index.html?eb47a576643919d3ad5d3c184d7e1849]]></arel>
  <sceneoptions>
    <sceneoption key="fullScreen">true</sceneoption>
  </sceneoptions>
  <object id="image17">
    <title><![CDATA[camera]]></title>
    <assets3d>
      <model><![CDATA[html/resources/720e86deff3f8ef37c20fc4668c6d0e0/720e86deff3f8ef37c20fc4668c6d0e0.zip]]></model>
      <transform>
        <translation>
          <x>0.0</x>
          <y>358.3595581055</y>
          <z>0.0</z>
        </translation>
        <rotation type="eulerdeg">
          <x>0.0</x>
          <y>0.0</y>
          <z>0.0</z>
        </rotation>
        <scale>
          <x>0.8342911005</x>
          <y>0.8342911005</y>
          <z>0.8342911005</z>
        </scale>
      </transform>
      <properties>
        <coordinatesystemid>1</coordinatesystemid>
      </properties>
    </assets3d>
    <viewparameters>
      <visibility>
        <liveview>false</liveview>
      </visibility>
    </viewparameters>
  </object>
  <object id="image18">
    <title><![CDATA[light]]></title>
    <assets3d>
      <model><![CDATA[html/resources/a80a30eccca8646fe25f94593a2c1134/a80a30eccca8646fe25f94593a2c1134.zip]]></model>
      <transform>
        <translation>
          <x>-252.1324157715</x>
          <y>184.3958435059</y>
          <z>0.0</z>
        </translation>
        <rotation type="eulerdeg">
          <x>0.0</x>
          <y>0.0</y>
          <z>0.0</z>
        </rotation>
        <scale>
          <x>0.45611763</x>
          <y>0.45611763</y>
          <z>0.45611763</z>
        </scale>
      </transform>
      <properties>
        <coordinatesystemid>1</coordinatesystemid>
      </properties>
    </assets3d>
    <viewparameters>
      <visibility>
        <liveview>false</liveview>
      </visibility>
    </viewparameters>
  </object>
  <object id="image19">
    <title><![CDATA[microphone]]></title>
    <assets3d>
      <model><![CDATA[html/resources/3f14a05ee8762295b9bdb7beb62bc681/3f14a05ee8762295b9bdb7beb62bc681.zip]]></model>
      <transform>
        <translation>
          <x>0.0</x>
          <y>-333.6915588379</y>
          <z>0.0</z>
        </translation>
        <rotation type="eulerdeg">
          <x>0.0</x>
          <y>0.0</y>
          <z>0.0</z>
        </rotation>
        <scale>
          <x>0.45611763</x>
          <y>0.45611763</y>
          <z>0.45611763</z>
        </scale>
      </transform>
      <properties>
        <coordinatesystemid>1</coordinatesystemid>
      </properties>
    </assets3d>
    <viewparameters>
      <visibility>
        <liveview>false</liveview>
      </visibility>
    </viewparameters>
  </object>
  <object id="image20">
    <title><![CDATA[speaker]]></title>
    <assets3d>
      <model><![CDATA[html/resources/f48a69ac48793d51ed9a748d0e257143/f48a69ac48793d51ed9a748d0e257143.zip]]></model>
      <transform>
        <translation>
          <x>255.4238891602</x>
          <y>199.9373168945</y>
          <z>0.0</z>
        </translation>
        <rotation type="eulerdeg">
          <x>0.0</x>
          <y>0.0</y>
          <z>0.0</z>
        </rotation>
        <scale>
          <x>0.45611763</x>
          <y>0.45611763</y>
          <z>0.45611763</z>
        </scale>
      </transform>
      <properties>
        <coordinatesystemid>1</coordinatesystemid>
      </properties>
    </assets3d>
    <viewparameters>
      <visibility>
        <liveview>false</liveview>
      </visibility>
    </viewparameters>
  </object>
  <object id="contourTracking">
    <title><![CDATA[galaxys3_black]]></title>
    <assets3d>
      <model><![CDATA[html/resources/1c81941ab5ad97e5b7aef76ad2c32215/4a84cfadf862835b76e1b91555acc525.zip]]></model>
      <transform>
        <translation>
          <x>0.0</x>
          <y>0.0</y>
          <z>0.0</z>
        </translation>
        <rotation type="eulerdeg">
          <x>0.0</x>
          <y>0.0</y>
          <z>0.0</z>
        </rotation>
        <scale>
          <x>1.0</x>
          <y>1.0</y>
          <z>1.0</z>
        </scale>
      </transform>
      <properties>
        <transparency>0.5</transparency>
        <coordinatesystemid>2</coordinatesystemid>
      </properties>
    </assets3d>
    <viewparameters/>
  </object>
</results>
