<?xml version="1.0" encoding="UTF-8"?>
<results trackingurl="html/resources/TrackingData.zip">
  <arel><![CDATA[html/index.html?fc690b1e385890d6a9da77aaa5930b3c]]></arel>
  <sceneoptions>
    <sceneoption key="fullScreen">true</sceneoption>
  </sceneoptions>
  <object id="button4">
    <title><![CDATA[Button 'ping']]></title>
    <assets3d>
      <model><![CDATA[html/resources/b69ee0e384b300334924927b75b50cde/b69ee0e384b300334924927b75b50cde.zip]]></model>
      <transform>
        <translation>
          <x>14.8310546875</x>
          <y>193.2979736328</y>
          <z>15.2887268066</z>
        </translation>
        <rotation type="eulerdeg">
          <x>0.0</x>
          <y>0.0</y>
          <z>0.0</z>
        </rotation>
        <scale>
          <x>1.4722280502</x>
          <y>1.4722280502</y>
          <z>1.4722280502</z>
        </scale>
      </transform>
      <properties>
        <coordinatesystemid>1</coordinatesystemid>
      </properties>
    </assets3d>
    <viewparameters>
      <visibility>
        <liveview>false</liveview>
      </visibility>
    </viewparameters>
  </object>
  <object id="button5">
    <title><![CDATA[Button 'ping']]></title>
    <assets3d>
      <model><![CDATA[html/resources/b69ee0e384b300334924927b75b50cde/b69ee0e384b300334924927b75b50cde.zip]]></model>
      <transform>
        <translation>
          <x>77.2768554688</x>
          <y>193.0798950195</y>
          <z>14.8377990723</z>
        </translation>
        <rotation type="eulerdeg">
          <x>0.0</x>
          <y>0.0</y>
          <z>0.0</z>
        </rotation>
        <scale>
          <x>1.4722280502</x>
          <y>1.4722280502</y>
          <z>1.4722280502</z>
        </scale>
      </transform>
      <properties>
        <coordinatesystemid>1</coordinatesystemid>
      </properties>
    </assets3d>
    <viewparameters>
      <visibility>
        <liveview>false</liveview>
      </visibility>
    </viewparameters>
  </object>
  <object id="button7">
    <title><![CDATA[Button 'ping']]></title>
    <assets3d>
      <model><![CDATA[html/resources/b69ee0e384b300334924927b75b50cde/b69ee0e384b300334924927b75b50cde.zip]]></model>
      <transform>
        <translation>
          <x>-45.087600708</x>
          <y>193.6063079834</y>
          <z>15.2887268066</z>
        </translation>
        <rotation type="eulerdeg">
          <x>0.0</x>
          <y>0.0</y>
          <z>0.0</z>
        </rotation>
        <scale>
          <x>1.4722280502</x>
          <y>1.4722280502</y>
          <z>1.4722280502</z>
        </scale>
      </transform>
      <properties>
        <coordinatesystemid>1</coordinatesystemid>
      </properties>
    </assets3d>
    <viewparameters>
      <visibility>
        <liveview>false</liveview>
      </visibility>
    </viewparameters>
  </object>
  <object id="button8">
    <title><![CDATA[Button 'camera']]></title>
    <assets3d>
      <model><![CDATA[html/resources/0e97e2cf87a69768f228a897ca076c52/0e97e2cf87a69768f228a897ca076c52.zip]]></model>
      <transform>
        <translation>
          <x>5.7952270508</x>
          <y>352.7803955078</y>
          <z>9.0375061035</z>
        </translation>
        <rotation type="eulerdeg">
          <x>0.0</x>
          <y>0.0</y>
          <z>0.0</z>
        </rotation>
        <scale>
          <x>0.8342911005</x>
          <y>0.8342911005</y>
          <z>0.8342911005</z>
        </scale>
      </transform>
      <properties>
        <coordinatesystemid>1</coordinatesystemid>
      </properties>
    </assets3d>
    <viewparameters>
      <visibility>
        <liveview>false</liveview>
      </visibility>
    </viewparameters>
  </object>
  <object id="button9">
    <title><![CDATA[Button 'light']]></title>
    <assets3d>
      <model><![CDATA[html/resources/bc0f381586a1a27bd47353ed29f0a841/bc0f381586a1a27bd47353ed29f0a841.zip]]></model>
      <transform>
        <translation>
          <x>-226.4198760986</x>
          <y>195.6572113037</y>
          <z>13.2969970703</z>
        </translation>
        <rotation type="eulerdeg">
          <x>0.0</x>
          <y>0.0</y>
          <z>0.0</z>
        </rotation>
        <scale>
          <x>0.45611763</x>
          <y>0.45611763</y>
          <z>0.45611763</z>
        </scale>
      </transform>
      <properties>
        <coordinatesystemid>1</coordinatesystemid>
      </properties>
    </assets3d>
    <viewparameters>
      <visibility>
        <liveview>false</liveview>
      </visibility>
    </viewparameters>
  </object>
  <object id="button10">
    <title><![CDATA[Button 'speaker']]></title>
    <assets3d>
      <model><![CDATA[html/resources/1aaa17c7a49f0bfe641d2a342312310d/1aaa17c7a49f0bfe641d2a342312310d.zip]]></model>
      <transform>
        <translation>
          <x>241.045715332</x>
          <y>204.1800537109</y>
          <z>11.7081298828</z>
        </translation>
        <rotation type="eulerdeg">
          <x>0.0</x>
          <y>0.0</y>
          <z>0.0</z>
        </rotation>
        <scale>
          <x>0.45611763</x>
          <y>0.45611763</y>
          <z>0.45611763</z>
        </scale>
      </transform>
      <properties>
        <coordinatesystemid>1</coordinatesystemid>
      </properties>
    </assets3d>
    <viewparameters>
      <visibility>
        <liveview>false</liveview>
      </visibility>
    </viewparameters>
  </object>
  <object id="contourTracking">
    <title><![CDATA[galaxys3_black]]></title>
    <assets3d>
      <model><![CDATA[html/resources/1c81941ab5ad97e5b7aef76ad2c32215/4a84cfadf862835b76e1b91555acc525.zip]]></model>
      <transform>
        <translation>
          <x>0.0</x>
          <y>0.0</y>
          <z>0.0</z>
        </translation>
        <rotation type="eulerdeg">
          <x>0.0</x>
          <y>0.0</y>
          <z>0.0</z>
        </rotation>
        <scale>
          <x>1.0</x>
          <y>1.0</y>
          <z>1.0</z>
        </scale>
      </transform>
      <properties>
        <transparency>0.5</transparency>
        <coordinatesystemid>2</coordinatesystemid>
      </properties>
    </assets3d>
    <viewparameters/>
  </object>
</results>
