<?xml version="1.0" encoding="UTF-8"?>
<results trackingurl="html/resources/TrackingData.zip">
  <arel><![CDATA[html/index.html?2ea06fbc686066b235f56ed7d14dea4d]]></arel>
  <sceneoptions>
    <sceneoption key="fullScreen">true</sceneoption>
  </sceneoptions>
  <object id="model4">
    <title><![CDATA[mainboard]]></title>
    <assets3d>
      <model><![CDATA[html/resources/0917a5b37d55e75cb0ba1ca718242043/0917a5b37d55e75cb0ba1ca718242043.zip]]></model>
      <transform>
        <translation>
          <x>35.0228729248</x>
          <y>26.015045166</y>
          <z>101.3716583252</z>
        </translation>
        <rotation type="eulerdeg">
          <x>90.0</x>
          <y>0.0</y>
          <z>0.3280475438</z>
        </rotation>
        <scale>
          <x>101.888710022</x>
          <y>101.888710022</y>
          <z>101.888710022</z>
        </scale>
      </transform>
      <properties>
        <coordinatesystemid>1</coordinatesystemid>
      </properties>
    </assets3d>
    <viewparameters>
      <visibility>
        <liveview>false</liveview>
      </visibility>
    </viewparameters>
  </object>
  <object id="button7">
    <title><![CDATA[InstantTrackingStartButton]]></title>
    <assets3d>
      <model><![CDATA[html/resources/28cc418e07326396fa7ff8d02b4e5b2a/28cc418e07326396fa7ff8d02b4e5b2a.zip]]></model>
      <transform>
        <translation>
          <x>4.0</x>
          <y>-59.0</y>
          <z>0.0</z>
        </translation>
        <rotation type="eulerdeg">
          <x>0.0</x>
          <y>0.0</y>
          <z>0.0</z>
        </rotation>
        <scale>
          <x>0.3600000143</x>
          <y>0.3600000143</y>
          <z>0.3600000143</z>
        </scale>
      </transform>
      <properties>
        <coordinatesystemid>-1</coordinatesystemid>
        <screenanchor flags="4">9</screenanchor>
      </properties>
    </assets3d>
    <viewparameters>
      <visibility>
        <liveview>false</liveview>
      </visibility>
    </viewparameters>
  </object>
  <object id="button8">
    <title><![CDATA[InstantTrackingStopButton]]></title>
    <assets3d>
      <model><![CDATA[html/resources/59b482581f98f6e1aacb7fdb89a17500/59b482581f98f6e1aacb7fdb89a17500.zip]]></model>
      <transform>
        <translation>
          <x>-4.0</x>
          <y>-59.0</y>
          <z>0.0</z>
        </translation>
        <rotation type="eulerdeg">
          <x>0.0</x>
          <y>0.0</y>
          <z>0.0</z>
        </rotation>
        <scale>
          <x>0.3600000143</x>
          <y>0.3600000143</y>
          <z>0.3600000143</z>
        </scale>
      </transform>
      <properties>
        <coordinatesystemid>-1</coordinatesystemid>
        <screenanchor flags="4">10</screenanchor>
      </properties>
    </assets3d>
    <viewparameters>
      <visibility>
        <liveview>false</liveview>
      </visibility>
    </viewparameters>
  </object>
  <object id="button10">
    <title><![CDATA[Button 'ping']]></title>
    <assets3d>
      <model><![CDATA[html/resources/a74e32f3503175558a4f82e31929bf34/a74e32f3503175558a4f82e31929bf34.zip]]></model>
      <transform>
        <translation>
          <x>123.2897415161</x>
          <y>34.2471656799</y>
          <z>115.0</z>
        </translation>
        <rotation type="eulerdeg">
          <x>0.0</x>
          <y>0.0</y>
          <z>0.0</z>
        </rotation>
        <scale>
          <x>0.7391211987</x>
          <y>0.7391211987</y>
          <z>0.7391211987</z>
        </scale>
      </transform>
      <properties>
        <coordinatesystemid>1</coordinatesystemid>
      </properties>
    </assets3d>
    <viewparameters>
      <visibility>
        <liveview>false</liveview>
      </visibility>
    </viewparameters>
  </object>
  <object id="button12">
    <title><![CDATA[Button 'ping']]></title>
    <assets3d>
      <model><![CDATA[html/resources/a74e32f3503175558a4f82e31929bf34/a74e32f3503175558a4f82e31929bf34.zip]]></model>
      <transform>
        <translation>
          <x>61.6448059082</x>
          <y>-28.7676258087</y>
          <z>115.0</z>
        </translation>
        <rotation type="eulerdeg">
          <x>0.0</x>
          <y>0.0</y>
          <z>0.0</z>
        </rotation>
        <scale>
          <x>0.9550039172</x>
          <y>0.9550039172</y>
          <z>0.9550039172</z>
        </scale>
      </transform>
      <properties>
        <coordinatesystemid>1</coordinatesystemid>
      </properties>
    </assets3d>
    <viewparameters>
      <visibility>
        <liveview>false</liveview>
      </visibility>
    </viewparameters>
  </object>
  <object id="button15">
    <title><![CDATA[Button 'ram']]></title>
    <assets3d>
      <model><![CDATA[html/resources/2c7f0b59b1584db8deedc513d5482799/2c7f0b59b1584db8deedc513d5482799.zip]]></model>
      <transform>
        <translation>
          <x>69.8640441895</x>
          <y>-86.3028259277</y>
          <z>115.0</z>
        </translation>
        <rotation type="eulerdeg">
          <x>0.0</x>
          <y>0.0</y>
          <z>0.0</z>
        </rotation>
        <scale>
          <x>0.3365385532</x>
          <y>0.3365385532</y>
          <z>0.3365385532</z>
        </scale>
      </transform>
      <properties>
        <coordinatesystemid>1</coordinatesystemid>
      </properties>
    </assets3d>
    <viewparameters>
      <visibility>
        <liveview>false</liveview>
      </visibility>
    </viewparameters>
  </object>
  <object id="button16">
    <title><![CDATA[Button 'cpu']]></title>
    <assets3d>
      <model><![CDATA[html/resources/4974c312895c94e5756600980502e047/4974c312895c94e5756600980502e047.zip]]></model>
      <transform>
        <translation>
          <x>212.49609375</x>
          <y>34.0872268677</y>
          <z>115.0</z>
        </translation>
        <rotation type="eulerdeg">
          <x>0.0</x>
          <y>0.0</y>
          <z>0.0</z>
        </rotation>
        <scale>
          <x>0.2987262607</x>
          <y>0.2987262607</y>
          <z>0.2987262607</z>
        </scale>
      </transform>
      <properties>
        <coordinatesystemid>1</coordinatesystemid>
      </properties>
    </assets3d>
    <viewparameters>
      <visibility>
        <liveview>false</liveview>
      </visibility>
    </viewparameters>
  </object>
</results>
