<?xml version="1.0" encoding="UTF-8"?>
<results trackingurl="html/resources/TrackingData.zip">
  <arel><![CDATA[html/index.html?7ba58372bac208b43230b0543c068b79]]></arel>
  <sceneoptions>
    <sceneoption key="fullScreen">true</sceneoption>
  </sceneoptions>
  <object id="model1">
    <title><![CDATA[mainboard]]></title>
    <assets3d>
      <model><![CDATA[html/resources/0917a5b37d55e75cb0ba1ca718242043/0917a5b37d55e75cb0ba1ca718242043.zip]]></model>
      <transform>
        <translation>
          <x>0.0</x>
          <y>0.0</y>
          <z>0.0</z>
        </translation>
        <rotation type="eulerdeg">
          <x>90.0</x>
          <y>0.0</y>
          <z>0.0</z>
        </rotation>
        <scale>
          <x>102.3011322021</x>
          <y>102.3011322021</y>
          <z>102.3011322021</z>
        </scale>
      </transform>
      <properties>
        <coordinatesystemid>1</coordinatesystemid>
      </properties>
    </assets3d>
    <viewparameters>
      <visibility>
        <liveview>false</liveview>
      </visibility>
    </viewparameters>
  </object>
  <object id="button1">
    <title><![CDATA[InstantTrackingStartButton]]></title>
    <assets3d>
      <model><![CDATA[html/resources/28cc418e07326396fa7ff8d02b4e5b2a/28cc418e07326396fa7ff8d02b4e5b2a.zip]]></model>
      <transform>
        <translation>
          <x>4.0</x>
          <y>-59.0</y>
          <z>0.0</z>
        </translation>
        <rotation type="eulerdeg">
          <x>0.0</x>
          <y>0.0</y>
          <z>0.0</z>
        </rotation>
        <scale>
          <x>0.3600000143</x>
          <y>0.3600000143</y>
          <z>0.3600000143</z>
        </scale>
      </transform>
      <properties>
        <coordinatesystemid>-1</coordinatesystemid>
        <screenanchor flags="4">9</screenanchor>
      </properties>
    </assets3d>
    <viewparameters>
      <visibility>
        <liveview>false</liveview>
      </visibility>
    </viewparameters>
  </object>
  <object id="button2">
    <title><![CDATA[InstantTrackingStopButton]]></title>
    <assets3d>
      <model><![CDATA[html/resources/59b482581f98f6e1aacb7fdb89a17500/59b482581f98f6e1aacb7fdb89a17500.zip]]></model>
      <transform>
        <translation>
          <x>-4.0</x>
          <y>-59.0</y>
          <z>0.0</z>
        </translation>
        <rotation type="eulerdeg">
          <x>0.0</x>
          <y>0.0</y>
          <z>0.0</z>
        </rotation>
        <scale>
          <x>0.3600000143</x>
          <y>0.3600000143</y>
          <z>0.3600000143</z>
        </scale>
      </transform>
      <properties>
        <coordinatesystemid>-1</coordinatesystemid>
        <screenanchor flags="4">10</screenanchor>
      </properties>
    </assets3d>
    <viewparameters>
      <visibility>
        <liveview>false</liveview>
      </visibility>
    </viewparameters>
  </object>
  <object id="image1">
    <title><![CDATA[global]]></title>
    <assets3d>
      <model><![CDATA[html/resources/7cbee76878b7b88e8e0d86e5ff9ab6cd/7cbee76878b7b88e8e0d86e5ff9ab6cd.zip]]></model>
      <transform>
        <translation>
          <x>7.2704071999</x>
          <y>182.3492889404</y>
          <z>15.0</z>
        </translation>
        <rotation type="eulerdeg">
          <x>0.0</x>
          <y>0.0</y>
          <z>0.0</z>
        </rotation>
        <scale>
          <x>0.8101266026</x>
          <y>0.8101266026</y>
          <z>0.8101266026</z>
        </scale>
      </transform>
      <properties>
        <coordinatesystemid>1</coordinatesystemid>
      </properties>
    </assets3d>
    <viewparameters>
      <visibility>
        <liveview>false</liveview>
      </visibility>
    </viewparameters>
  </object>
  <object id="image2">
    <title><![CDATA[ram]]></title>
    <assets3d>
      <model><![CDATA[html/resources/2c7f0b59b1584db8deedc513d5482799/2c7f0b59b1584db8deedc513d5482799.zip]]></model>
      <transform>
        <translation>
          <x>13.845375061</x>
          <y>-89.7248840332</y>
          <z>15.0</z>
        </translation>
        <rotation type="eulerdeg">
          <x>0.0</x>
          <y>0.0</y>
          <z>0.0</z>
        </rotation>
        <scale>
          <x>0.150587976</x>
          <y>0.150587976</y>
          <z>0.150587976</z>
        </scale>
      </transform>
      <properties>
        <coordinatesystemid>1</coordinatesystemid>
      </properties>
    </assets3d>
    <viewparameters>
      <visibility>
        <liveview>false</liveview>
      </visibility>
    </viewparameters>
  </object>
  <object id="image3">
    <title><![CDATA[cpu]]></title>
    <assets3d>
      <model><![CDATA[html/resources/4974c312895c94e5756600980502e047/4974c312895c94e5756600980502e047.zip]]></model>
      <transform>
        <translation>
          <x>145.6052856445</x>
          <y>2.9014511108</y>
          <z>15.0</z>
        </translation>
        <rotation type="eulerdeg">
          <x>0.0</x>
          <y>0.0</y>
          <z>0.0</z>
        </rotation>
        <scale>
          <x>0.1151556224</x>
          <y>0.1151556224</y>
          <z>0.1151556224</z>
        </scale>
      </transform>
      <properties>
        <coordinatesystemid>1</coordinatesystemid>
      </properties>
    </assets3d>
    <viewparameters>
      <visibility>
        <liveview>false</liveview>
      </visibility>
    </viewparameters>
  </object>
</results>
